,text_length,word_count,duration
count,2000.0,2000.0,2000.0
mean,52.8975,7.491,3.1584665
std,29.673190641915063,4.009358611827972,1.8608466325768862
min,4.0,1.0,1.0
25%,30.0,5.0,1.6975
50%,45.0,6.5,2.62
75%,68.0,10.0,4.16
max,181.0,25.0,9.896
